fiscal_year,Query_Run,SubCustomer,ServicesCategory,SumOfobligatedAmount,SumOfnumberOfActions
2010,04:31.0,DLA,PAMS,337213898,2106
2011,04:31.0,Other DoD,R&D,2197819193,4544
1994,04:31.0,Other DoD,PAMS,417153468,957
1991,04:31.0,DLA,ICT,57446000,NULL
2005,04:31.0,MilitaryHealth,PAMS,3054324,16
1988,04:31.0,Navy,PAMS,283000,NULL
2001,04:31.0,Navy,R&D,5506222831,8512
2007,04:31.0,DLA,ERS,163093671.4,5731
2012,04:31.0,MilitaryHealth,Products,47877448.5,1384
1999,04:31.0,Air Force,Products,15366090314,21900
1988,04:31.0,Navy,FRS&C,661000,NULL
1997,04:31.0,Navy,MED,209496196,619
2014,04:31.0,Army,FRS&C,20303234581,67964
1998,04:31.0,MDA,Products,2668646,12
1991,04:31.0,Air Force,PAMS,4190173000,NULL
2010,04:31.0,MilitaryHealth,Products,2569695.53,52
1998,04:31.0,Navy,ERS,4386694615,6845
1991,04:31.0,Army,ICT,754883000,NULL
2013,04:31.0,Navy,ERS,6590497617,32836
2006,04:31.0,Air Force,PAMS,11988903897,24646
1992,04:31.0,Navy,Fuel,4809901,1
2004,04:31.0,MDA,ICT,26525768.62,50
2006,04:31.0,Army,ICT,2231461157,13454
2009,04:31.0,Other DoD,PAMS,4126045776,12982
1996,04:31.0,Navy,Products,14302029615,22914
2010,04:31.0,Air Force,PAMS,11226642728,33956
2003,04:31.0,MilitaryHealth,PAMS,735518,28
2010,04:31.0,Army,PAMS,32534373818,84152
1989,04:31.0,Army,MED,51000,NULL
2006,04:31.0,Air Force,NULL,0,NULL
1997,04:31.0,Other DoD,FRS&C,165253195,262
2000,04:31.0,MDA,Products,407995,3
2002,04:31.0,Other DoD,ERS,308997935.2,657
2002,04:31.0,Other DoD,Products,1422035956,6449
2006,04:31.0,DLA,ICT,630215452.5,3455
2014,04:31.0,DLA,FRS&C,972893062.3,12824
2007,04:31.0,Army,ERS,3687874984,26394
1990,04:31.0,Other DoD,MED,638614000,NULL
2004,04:31.0,Navy,ICT,3670711378,24353
2003,04:31.0,Other DoD,MED,3612787,12
2001,04:31.0,MilitaryHealth,MED,2346504288,329
2003,04:31.0,Air Force,ERS,4004113152,5112
1988,04:31.0,Navy,R&D,459000,NULL
2012,04:31.0,Air Force,FRS&C,4704624029,24358
2000,04:31.0,Other DoD,Products,914648792.5,3863
2014,04:31.0,Air Force,Fuel,7641822.352,223
2010,04:31.0,Other DoD,ICT,4895895616,35401
2012,04:31.0,MDA,FRS&C,25063539.84,69
1994,04:31.0,Other DoD,R&D,718280047,878
1995,04:31.0,MilitaryHealth,Products,4256634,8
1990,04:31.0,DLA,ERS,105746000,NULL
1992,04:31.0,Other DoD,PAMS,1231964889,NULL
1995,04:31.0,Army,R&D,4982182618,6833
2000,04:31.0,Navy,ICT,1431467489,5986
2004,04:31.0,Air Force,ICT,2461121308,6090
2006,04:31.0,DLA,MED,1044586,41
2009,04:31.0,Other DoD,R&D,1773925717,3284
1989,04:31.0,Other DoD,ERS,801000,NULL
2008,04:31.0,DLA,MED,1618599.67,45
2002,04:31.0,Navy,ICT,1753095713,7196
2010,04:31.0,Air Force,FRS&C,5904249756,26991
2008,04:31.0,MilitaryHealth,Products,2253671.27,40
1991,04:31.0,Army,MED,150183000,NULL
2002,04:31.0,Air Force,ICT,1763850382,4900
2004,04:31.0,Other DoD,ERS,614393892.4,1103
2007,04:31.0,Other DoD,NULL,0,3
1999,04:31.0,MilitaryHealth,MED,2683268227,365
2008,04:31.0,Army,MED,928313474.2,10639
1996,04:31.0,Navy,ERS,3766828811,7710
2006,04:31.0,Army,MED,798465889.2,10710
2007,04:31.0,MDA,R&D,4136522817,1346
2007,04:31.0,Navy,FRS&C,7311122584,33408
1999,04:31.0,Air Force,Fuel,71238797,264
2013,04:31.0,Navy,Products,55638776254,111177
2000,04:31.0,Other DoD,Fuel,39777,1
1990,04:31.0,Army,ERS,684158000,NULL
2011,04:31.0,Navy,Fuel,25602610.49,485
1999,04:31.0,Navy,MED,146059381,711
1991,04:31.0,DLA,MED,102000,NULL
2005,04:31.0,MDA,PAMS,132368751,172
2001,04:31.0,Navy,PAMS,5572787975,24858
2010,04:31.0,DLA,R&D,52267606.57,183
1995,04:31.0,Air Force,FRS&C,4012766198,11969
2003,04:31.0,DLA,Fuel,5600684541,1011
2014,04:31.0,Other DoD,FRS&C,166836215.2,925
2006,04:31.0,Air Force,R&D,9965884421,11627
2006,04:31.0,MDA,ICT,27830758,35
2008,04:31.0,Air Force,FRS&C,5844518474,25920
1995,04:31.0,Army,PAMS,4059578853,15701
2012,04:31.0,Army,R&D,6503471931,14831
2005,04:31.0,DLA,Products,16794144193,582278
2004,04:31.0,Air Force,NULL,-7400,1
2008,04:31.0,Other DoD,ICT,3505293656,32704
1998,04:31.0,MilitaryHealth,ERS,-66702,1
1993,04:31.0,Air Force,FRS&C,3356868930,NULL
2001,04:31.0,Army,FRS&C,10210454213,33502
2010,04:31.0,MilitaryHealth,ERS,1399.56,10
2005,04:31.0,Navy,R&D,13550050753,15328
1992,04:31.0,Army,ERS,1100477300,NULL
1990,04:31.0,Navy,Products,24604009115,NULL
2004,04:31.0,Other DoD,R&D,784031480.8,1457
1994,04:31.0,Air Force,Fuel,51361344,179
2003,04:31.0,Air Force,R&D,9058668619,7711
2011,04:31.0,MDA,PAMS,413606110.1,1208
1995,04:31.0,Air Force,PAMS,4310528100,9071
2008,04:31.0,Navy,PAMS,10828984074,53753
NULL,04:31.0,Army,NULL,NULL,NULL
2004,04:31.0,MDA,Products,75570132,25
2003,04:31.0,Army,NULL,67555055.16,102
2007,04:31.0,Other DoD,PAMS,1672626262,6098
1989,04:31.0,Army,NULL,NULL,NULL
1998,04:31.0,DLA,PAMS,110613752,511
1997,04:31.0,Army,Fuel,7937554,92
2003,04:31.0,MDA,ICT,24178749,61
2010,04:31.0,MDA,ICT,9669263.78,26
1999,04:31.0,Army,R&D,4193548237,6479
2001,04:31.0,Other DoD,ERS,235449032.3,528
2011,04:31.0,DLA,MED,1205994.59,36
2001,04:31.0,DLA,FRS&C,182057503.8,707
1994,04:31.0,MDA,R&D,343747860,398
1996,04:31.0,MilitaryHealth,ERS,4607760,6
2010,04:31.0,Army,NULL,-47863.44,18
2004,04:31.0,DLA,MED,1770264,12
1999,04:31.0,Air Force,ICT,1202890783,3172
2002,04:31.0,MDA,FRS&C,107658341,217
1997,04:31.0,MilitaryHealth,MED,1859745709,285
1991,04:31.0,DLA,Products,5489370000,NULL
1992,04:31.0,Air Force,ICT,1139533697,NULL
1996,04:31.0,Navy,Fuel,10132669,94
2005,04:31.0,MDA,ERS,2213117,18
1990,04:31.0,Army,Fuel,13852000,NULL
2001,04:31.0,NULL,ICT,0,NULL
1989,04:31.0,Navy,ICT,11747000,NULL
2009,04:31.0,Army,PAMS,31148607769,82302
1991,04:31.0,Army,Products,17303456000,NULL
2007,04:31.0,Air Force,NULL,0,NULL
1998,04:31.0,Navy,R&D,5298404343,8179
2011,04:31.0,Navy,FRS&C,9326308301,36139
1991,04:31.0,Other DoD,MED,270137000,NULL
2002,04:31.0,MilitaryHealth,PAMS,4063051,17
2006,04:31.0,DLA,R&D,18155428.2,110
1995,04:31.0,MilitaryHealth,ICT,3562024,14
2013,04:31.0,Air Force,Products,21573390405,59822
2013,04:31.0,Other DoD,ICT,4270175005,67582
2012,04:31.0,Other DoD,FRS&C,222593722.7,1374
1990,04:31.0,Air Force,MED,28508000,NULL
1996,04:31.0,Navy,MED,165299645,383
2012,04:31.0,MDA,R&D,3825727857,2504
1996,04:31.0,Other DoD,PAMS,195133705,985
2003,04:31.0,DLA,NULL,0,NULL
2001,04:31.0,Navy,Products,18214296981,24128
2009,04:31.0,DLA,Products,17970153672,467130
1995,04:31.0,Army,ICT,1506932648,4514
1993,04:31.0,DLA,MED,273009,NULL
1997,04:31.0,Navy,PAMS,5762399347,18944
2014,04:31.0,Army,NULL,72.5,1
2003,04:31.0,Navy,MED,266628706.8,1601
1995,04:31.0,Air Force,Products,16438892994,24250
2009,04:31.0,Navy,R&D,13611401828,15792
2013,04:31.0,MilitaryHealth,ICT,34876361.47,154
1993,04:31.0,Army,MED,163860171,NULL
1994,04:31.0,Other DoD,FRS&C,293844684,785
2007,04:31.0,MilitaryHealth,Products,721863.3,67
2002,04:31.0,Other DoD,MED,1450335,9
2002,04:31.0,DLA,ICT,220949513,462
1992,04:31.0,DLA,ERS,38015757,NULL
2005,04:31.0,DLA,PAMS,238017259.1,1566
1989,04:31.0,Other DoD,Products,3876000,NULL
2014,04:31.0,Navy,Fuel,26738043.56,498
2014,04:31.0,Air Force,ERS,9105819575,13661
2002,04:31.0,Navy,ERS,6251101187,21081
2008,04:31.0,Air Force,MED,297148894.9,3615
2011,04:31.0,Army,MED,1228893957,9641
2014,04:31.0,Other DoD,Products,2131000113,24109
2013,04:31.0,Other DoD,Fuel,1643664.385,16
1998,04:31.0,Army,PAMS,4877631767,17825
2002,04:31.0,Army,ICT,1836150732,8225
1996,04:31.0,MilitaryHealth,Products,91996,3
1991,04:31.0,Air Force,FRS&C,4001426000,NULL
1997,04:31.0,DLA,Fuel,4091087969,763
2014,04:31.0,Navy,ICT,4290812624,33463
1993,04:31.0,Navy,FRS&C,3157632177,1205
2003,04:31.0,DLA,ERS,63112274,305
2000,04:31.0,Air Force,NULL,10000,2
2014,04:31.0,MilitaryHealth,Products,83014985.57,228
2011,04:31.0,MDA,Products,1459845713,419
2002,04:31.0,Air Force,PAMS,7132011565,12895
1999,04:31.0,DLA,R&D,50119964,182
1996,04:31.0,Air Force,R&D,7892087994,6814
2005,04:31.0,Other DoD,FRS&C,331567842.4,1428
2004,04:31.0,MDA,PAMS,120574510.2,151
1997,04:31.0,Other DoD,R&D,583200275,1153
1997,04:31.0,DLA,R&D,8937255,46
2006,04:31.0,Army,Fuel,23650153.36,1337
2011,04:31.0,MilitaryHealth,ICT,439869.54,12
2004,04:31.0,Navy,NULL,38350,2
2000,04:31.0,Navy,ERS,4370328936,12337
1996,04:31.0,Air Force,Fuel,94048427,270
2012,04:31.0,Navy,MED,390346167.7,5143
1997,04:31.0,Air Force,PAMS,4014046485,9616
1994,04:31.0,DLA,ERS,3623645,37
2013,04:31.0,MDA,Products,3800962206,439
2005,04:31.0,Air Force,R&D,10155734596,10055
2009,04:31.0,Navy,FRS&C,9703570125,35274
2006,04:31.0,MilitaryHealth,MED,8026029219,468
1991,04:31.0,Navy,Fuel,15565000,NULL
2014,04:31.0,MDA,ERS,50299085.61,39
1995,04:31.0,DLA,Fuel,3436753302,959
1996,04:31.0,Other DoD,FRS&C,65827911,157
2010,04:31.0,MDA,R&D,4075794260,2002
1994,04:31.0,Army,ERS,772328785,2364
2011,04:31.0,Army,ICT,4077426735,13234
2009,04:31.0,Army,MED,1056259059,11027
2005,04:31.0,DLA,NULL,2350,1
2013,04:31.0,Other DoD,R&D,1572164505,4644
2012,04:31.0,MilitaryHealth,ERS,1105040.43,105
1999,04:31.0,Army,FRS&C,9153200512,24336
2008,04:31.0,DLA,ERS,128862809.2,5677
1998,04:31.0,Navy,ICT,1106987676,4944
2000,04:31.0,Navy,R&D,4485040678,9412
2014,04:31.0,Navy,R&D,7798734526,16010
2010,04:31.0,Air Force,Fuel,13147501.61,226
1989,04:31.0,Army,PAMS,859000,NULL
2006,04:31.0,Air Force,MED,207522692.2,2634
2011,04:31.0,Air Force,PAMS,10784265297,32798
1990,04:31.0,DLA,R&D,14908000,NULL
2011,04:31.0,Navy,NULL,-14505.73,5
2004,04:31.0,Air Force,Products,25653117426,48600
2008,04:31.0,Army,ERS,4634133415,24439
2005,04:31.0,Navy,ICT,3374405323,27309
1993,04:31.0,DLA,ICT,49765599,NULL
2010,04:31.0,Other DoD,NULL,-258864.67,12
1997,04:31.0,MilitaryHealth,ICT,177766,8
2000,04:31.0,MilitaryHealth,PAMS,2027192,3
2011,04:31.0,Other DoD,ICT,5211649995,52962
2006,04:31.0,Navy,PAMS,8445875617,42598
2007,04:31.0,Army,Products,54570770884,244803
1990,04:31.0,Army,R&D,2221127000,NULL
1995,04:31.0,Other DoD,R&D,869953469,1134
1996,04:31.0,Air Force,FRS&C,3921173389,11810
2002,04:31.0,MDA,PAMS,20052316.65,110
1994,04:31.0,MilitaryHealth,ERS,8084857,18
2014,04:31.0,DLA,PAMS,497668712.3,1408
2000,04:31.0,DLA,PAMS,175740133.7,704
1999,04:31.0,Other DoD,ERS,204871918,187
2000,04:31.0,Army,PAMS,5796155598,19079
1992,04:31.0,Air Force,MED,51933528,NULL
2009,04:31.0,DLA,MED,3292994.43,59
2008,04:31.0,MDA,ICT,-173054.69,27
2005,04:31.0,Army,NULL,2925495,45
2001,04:31.0,Navy,MED,161793171,944
2003,04:31.0,MilitaryHealth,NULL,0,1
2010,04:31.0,Other DoD,FRS&C,322674734.1,1206
2006,04:31.0,DLA,Fuel,13025349374,3086
1992,04:31.0,Navy,PAMS,4880228723,5
2004,04:31.0,Other DoD,Fuel,104074.5,4
2000,04:31.0,Other DoD,MED,401173,7
1993,04:31.0,Army,Products,12427679239,NULL
1999,04:31.0,Navy,Products,16543765022,22801
1998,04:31.0,Air Force,ERS,3020973083,4428
2010,04:31.0,Army,FRS&C,31605794450,102839
1995,04:31.0,DLA,MED,1049878,17
2007,04:31.0,DLA,Products,16075300253,462042
2005,04:31.0,Other DoD,Products,2066861716,14664
2014,04:31.0,Army,PAMS,15975002236,48684
2004,04:31.0,Other DoD,ICT,3345322679,9657
1988,04:31.0,Other DoD,R&D,258000,NULL
1989,04:31.0,Navy,R&D,22296000,NULL
2000,04:31.0,Army,ICT,1858118827,5408
2002,04:31.0,Air Force,NULL,25000,7
2003,04:31.0,MDA,ERS,194646,1
2012,04:31.0,Other DoD,PAMS,4973817380,16460
2007,04:31.0,Air Force,FRS&C,5888490042,26818
2007,04:31.0,MDA,FRS&C,45653822.4,87
2005,04:31.0,Air Force,ERS,4405449045,12212
1998,04:31.0,Other DoD,Products,867288840,3653
1999,04:31.0,DLA,FRS&C,349822966,536
2007,04:31.0,Navy,R&D,15062114232,14745
2006,04:31.0,Other DoD,R&D,1119612896,1800
2008,04:31.0,Army,R&D,10120117615,19638
2001,04:31.0,DLA,ERS,62512688.36,395
2010,04:31.0,DLA,FRS&C,1016100922,13408
2005,04:31.0,MilitaryHealth,ERS,87552,3
2010,04:31.0,Other DoD,ERS,2705893917,6268
1999,04:31.0,Army,Fuel,7320049,46
2002,04:31.0,Navy,FRS&C,5343941066,46567
2012,04:31.0,Air Force,R&D,12536812310,16263
2011,04:31.0,Other DoD,Fuel,469391.49,5
1992,04:31.0,Other DoD,MED,319314905,NULL
1991,04:31.0,Air Force,MED,40240000,NULL
2004,04:31.0,Army,NULL,2394869,12
2012,04:31.0,MilitaryHealth,MED,11713167853,1003
1993,04:31.0,Navy,MED,87977428,6
2008,04:31.0,DLA,ICT,417414375.7,1855
2014,04:31.0,Army,R&D,4064122585,11316
2012,04:31.0,Air Force,PAMS,11744491168,29040
1995,04:31.0,Air Force,Fuel,75903504,227
2011,04:31.0,MilitaryHealth,ERS,7983.06,13
2009,04:31.0,MDA,R&D,4393796891,2001
1992,04:31.0,DLA,Products,3072223141,NULL
2010,04:31.0,Army,MED,1107366490,10762
2010,04:31.0,DLA,MED,6763658.67,67
2011,04:31.0,Army,ERS,5345375156,28788
2010,04:31.0,Air Force,NULL,0,2
1993,04:31.0,Other DoD,FRS&C,94275271,NULL
1990,04:31.0,Navy,Fuel,11136000,NULL
2009,04:31.0,DLA,ERS,119839498.5,4521
1991,04:31.0,DLA,R&D,7265000,NULL
2013,04:31.0,MilitaryHealth,FRS&C,2637432.216,23
1999,04:31.0,Navy,R&D,4467457724,9162
2009,04:31.0,Navy,PAMS,13450423563,56491
1997,04:31.0,MilitaryHealth,Products,549132,4
1990,04:31.0,DLA,Products,4011983000,NULL
2005,04:31.0,Other DoD,R&D,984336973.5,1701
2013,04:31.0,MDA,ERS,47934770.7,50
2012,04:31.0,Army,ICT,3625558285,10940
2014,04:31.0,Air Force,Products,19958884614,54875
2009,04:31.0,Other DoD,NULL,-12077.81,4
2008,04:31.0,Army,PAMS,30253478042,77876
2010,04:31.0,Navy,NULL,-1374,13
2004,04:31.0,Air Force,R&D,9531232627,8474
2003,04:31.0,Air Force,Products,25153648202,27356
2011,04:31.0,Other DoD,NULL,-90926.1,3
2013,04:31.0,Navy,ICT,4614058026,33000
1998,04:31.0,Other DoD,R&D,650711447,1146
2014,04:31.0,Other DoD,ICT,4614918498,59765
2005,04:31.0,Air Force,Products,22041290795,101722
1997,04:31.0,DLA,Products,3506423019,32859
1990,04:31.0,Army,Products,13277507000,NULL
2004,04:31.0,MDA,ERS,1927662,8
2006,04:31.0,MilitaryHealth,Products,1226124.47,76
1999,04:31.0,MilitaryHealth,Products,463251,6
2012,04:31.0,DLA,Fuel,21236247423,3170
1998,04:31.0,Other DoD,ERS,232426599,189
2014,04:31.0,MilitaryHealth,ICT,47790013.81,102
1999,04:31.0,DLA,PAMS,110960500,538
2012,04:31.0,DLA,MED,2067599.07,30
2001,04:31.0,MDA,PAMS,8308321,48
2004,04:31.0,Other DoD,Products,2453521901,8519
2000,04:31.0,Navy,Products,19013338730,25332
1999,04:31.0,Air Force,ERS,2264227003,3688
2002,04:31.0,Air Force,R&D,8477528923,6976
2007,04:31.0,Army,Fuel,35073300.17,1667
2011,04:31.0,MDA,R&D,3412248650,2361
2007,04:31.0,Other DoD,R&D,1287392174,2600
1995,04:31.0,Other DoD,FRS&C,90875861,196
1993,04:31.0,Air Force,MED,19723048,NULL
2005,04:31.0,MilitaryHealth,ICT,299883,12
2001,04:31.0,Other DoD,MED,1817390,8
1990,04:31.0,Other DoD,PAMS,561932000,NULL
2007,04:31.0,Navy,PAMS,9857937621,50780
2014,04:31.0,DLA,R&D,19598317.41,104
1992,04:31.0,Navy,FRS&C,3077252643,1
1989,04:31.0,Other DoD,ICT,14519000,NULL
2006,04:31.0,Air Force,FRS&C,6128401082,19021
2013,04:31.0,Other DoD,Products,2234437924,26282
1999,04:31.0,Army,PAMS,5056812259,17444
2000,04:31.0,Other DoD,ERS,229583442,606
1998,04:31.0,Air Force,ICT,1017627061,3203
2008,04:31.0,MDA,FRS&C,50084049.21,97
1997,04:31.0,Air Force,FRS&C,3624202347,10330
2002,04:31.0,Army,NULL,7230472.62,90
1992,04:31.0,Army,Products,12617666233,NULL
1994,04:31.0,Navy,FRS&C,5661157773,12040
1993,04:31.0,Air Force,Fuel,52125868,NULL
1999,04:31.0,MilitaryHealth,PAMS,6554553,33
2012,04:31.0,Army,MED,1215726424,8867
2001,04:31.0,MilitaryHealth,PAMS,1163245,4
2007,04:31.0,DLA,Fuel,12443346957,3734
1994,04:31.0,Navy,ERS,4124609199,9470
2006,04:31.0,MDA,ERS,457963,8
1999,04:31.0,DLA,Products,4389481381,37731
1993,04:31.0,DLA,FRS&C,215146673,NULL
2004,04:31.0,MilitaryHealth,ERS,8400,1
2010,04:31.0,MDA,FRS&C,28608648.43,72
NULL,04:31.0,NULL,NULL,NULL,NULL
2006,04:31.0,Navy,ICT,4375740229,30568
2000,04:31.0,Air Force,ICT,1806029295,3739
1999,04:31.0,Other DoD,MED,362012,4
1998,04:31.0,Air Force,MED,22058185,147
2012,04:31.0,Air Force,Products,29395388923,74714
2012,04:31.0,Other DoD,ICT,4977566223,71483
1997,04:31.0,Navy,R&D,4881240005,8180
2011,04:31.0,Air Force,MED,369765746.6,4491
2013,04:31.0,MDA,ICT,51452252.48,79
2013,04:31.0,Air Force,ICT,1840576109,7455
2013,04:31.0,Navy,R&D,9583039280,13511
1999,04:31.0,Air Force,R&D,8057954094,5961
2013,04:31.0,MilitaryHealth,PAMS,229560428.5,485
1993,04:31.0,Air Force,ERS,2156581041,NULL
1999,04:31.0,Other DoD,ICT,1749420418,4618
1994,04:31.0,Navy,PAMS,5631896098,19387
1995,04:31.0,Army,Products,9523338251,20461
1990,04:31.0,Air Force,Fuel,94663000,NULL
2011,04:31.0,Army,Fuel,377862987,1826
2012,04:31.0,Air Force,MED,377854265.4,5018
2005,04:31.0,Navy,ERS,6149543728,43616
2005,04:31.0,Army,FRS&C,18875375812,89876
2006,04:31.0,MilitaryHealth,ERS,155072.32,9
1991,04:31.0,Other DoD,FRS&C,38480000,NULL
2011,04:31.0,MilitaryHealth,MED,11757137550,1298
1995,04:31.0,DLA,ERS,5075093,42
2012,04:31.0,DLA,ICT,486827776.9,1340
2012,04:31.0,Other DoD,MED,10256456.24,110
1997,04:31.0,Air Force,MED,15951807,136
2009,04:31.0,Navy,NULL,48177.34,2
2012,04:31.0,Army,Fuel,482982505.7,1683
2002,04:31.0,Other DoD,ICT,2632332399,9490
2007,04:31.0,Navy,MED,455573291.4,4512
1999,04:31.0,MDA,ICT,3990337,8
2014,04:31.0,MilitaryHealth,R&D,16245341.99,10
2011,04:31.0,DLA,Fuel,13589074991,2595
1994,04:31.0,DLA,Fuel,4485877864,1029
2003,04:31.0,Navy,Fuel,10140129.96,225
2009,04:31.0,MilitaryHealth,ICT,147688.88,10
1992,04:31.0,Air Force,Products,18889790267,NULL
2010,04:31.0,MilitaryHealth,ICT,292971.48,7
1992,04:31.0,Navy,MED,205396306,NULL
2006,04:31.0,Navy,MED,424748496.5,4785
2013,04:31.0,MilitaryHealth,R&D,20329280.25,28
2003,04:31.0,DLA,R&D,117590324,308
2012,04:31.0,DLA,Products,20259046513,518342
2002,04:31.0,Air Force,FRS&C,3456837880,14141
2008,04:31.0,Air Force,Fuel,24739841.7,209
2008,04:31.0,DLA,Fuel,14303368190,3983
2011,04:31.0,Navy,ICT,5598804211,38439
2001,04:31.0,Air Force,FRS&C,3141785682,13980
2011,04:31.0,Other DoD,Products,2372731946,20748
1992,04:31.0,Air Force,ERS,2229015154,NULL
2006,04:31.0,Navy,NULL,6847111.09,280
1997,04:31.0,Army,MED,567278432,1267
2002,04:31.0,Army,R&D,6158393083,11270
2004,04:31.0,Army,FRS&C,17217805236,84404
2005,04:31.0,Army,PAMS,18389588962,57239
2004,04:31.0,Navy,Products,27951740362,61355
2005,04:31.0,Navy,Products,28270819317,142714
1994,04:31.0,Air Force,MED,81524506,395
2008,04:31.0,Other DoD,FRS&C,361192179.3,1153
2000,04:31.0,Army,NULL,4767532.12,114
1993,04:31.0,DLA,Fuel,4435096715,NULL
2005,04:31.0,Air Force,Fuel,7473327,170
1996,04:31.0,Army,ERS,877689565,3345
2012,04:31.0,Army,Products,41200499985,165692
2000,04:31.0,MDA,PAMS,750332,8
2011,04:31.0,Other DoD,ERS,5093479285,11104214
2014,04:31.0,MDA,PAMS,449447372.8,1028
2009,04:31.0,Other DoD,FRS&C,411707002.5,1163
2000,04:31.0,Air Force,R&D,7499144524,6107
1994,04:31.0,DLA,Products,1972471116,16725
1995,04:31.0,DLA,Products,2938385993,19880
1997,04:31.0,MDA,R&D,387225520,330
2002,04:31.0,DLA,R&D,133141069,453
2009,04:31.0,MDA,ERS,-21582.96,26
2012,04:31.0,Navy,PAMS,12306587052,53804
2003,04:31.0,Other DoD,PAMS,1540228475,3112
2001,04:31.0,DLA,PAMS,235466649,805
2008,04:31.0,MDA,ERS,799695.06,26
1994,04:31.0,Army,Products,4430628513,13246
2008,04:31.0,Army,Fuel,56522906.42,1819
2004,04:31.0,DLA,FRS&C,413421164.4,1490
1993,04:31.0,Navy,PAMS,5421209547,414
2002,04:31.0,DLA,PAMS,255462818.5,941
2005,04:31.0,DLA,FRS&C,633021579.4,14328
1993,04:31.0,Army,Fuel,7559859,NULL
2000,04:31.0,DLA,NULL,0,NULL
2009,04:31.0,Air Force,Products,25439768823,94359
1998,04:31.0,MilitaryHealth,PAMS,22836724,26
NULL,04:31.0,Air Force,NULL,259871,1
1995,04:31.0,Navy,R&D,5854364416,8361
2006,04:31.0,MDA,FRS&C,184713159.5,211
1996,04:31.0,DLA,ERS,5068058,43
2000,04:31.0,Navy,Fuel,5385205,78
2007,04:31.0,MilitaryHealth,ERS,848859.39,44
1994,04:31.0,Army,Fuel,1947141,50
2001,04:31.0,Army,PAMS,5617912676,20887
1997,04:31.0,MilitaryHealth,FRS&C,117972,1
2014,04:31.0,Army,ERS,4645613908,19123
1999,04:31.0,Army,ICT,1582940309,5300
1996,04:31.0,Air Force,PAMS,4197315806,9760
2005,04:31.0,Air Force,ICT,2718892593,9478
2003,04:31.0,Army,MED,924050477.9,3952
2005,04:31.0,Army,R&D,8079410723,12332
2006,04:31.0,Navy,Fuel,24612788.53,524
1998,04:31.0,Air Force,Products,13432861955,20689
2001,04:31.0,MDA,Products,618627,7
1996,04:31.0,MilitaryHealth,MED,1386279949,310
1992,04:31.0,Army,ICT,948506502,NULL
1997,04:31.0,Navy,Fuel,7946443,89
2000,04:31.0,Army,FRS&C,9166569929,29720
2014,04:31.0,Air Force,ICT,1614432853,7533
1995,04:31.0,Other DoD,PAMS,196521093,753
1991,04:31.0,Navy,Products,22079233678,3
1997,04:31.0,MilitaryHealth,ERS,1438722,4
1998,04:31.0,Army,R&D,4485085537,6503
1993,04:31.0,DLA,ERS,16191764,NULL
2009,04:31.0,Air Force,MED,281170229.1,3836
2000,04:31.0,Army,R&D,4227449335,7018
1996,04:31.0,Army,Fuel,3456452,63
2005,04:31.0,MDA,Products,171284841,64
2013,04:31.0,Air Force,R&D,9362732393,14869
1989,04:31.0,Other DoD,R&D,59954000,NULL
2002,04:31.0,DLA,FRS&C,199087340.4,1046
1991,04:31.0,Army,Fuel,18132000,NULL
1999,04:31.0,Navy,ICT,1209787451,5563
1989,04:31.0,Navy,NULL,NULL,NULL
2012,04:31.0,MDA,PAMS,450015433.2,1104
2001,04:31.0,Navy,ERS,5541467046,11689
1992,04:31.0,DLA,ICT,62541537,NULL
2000,04:31.0,DLA,FRS&C,159414538.9,636
1996,04:31.0,DLA,R&D,16676628,74
2006,04:31.0,DLA,Products,17714085044,511407
1993,04:31.0,Army,ERS,1112963990,NULL
2008,04:31.0,Air Force,ERS,6650888029,15632
2003,04:31.0,Other DoD,Fuel,101260,1
1994,04:31.0,DLA,ICT,6938448,49
2010,04:31.0,Navy,FRS&C,9348550235,34814
1996,04:31.0,MilitaryHealth,ICT,320605,4
2005,04:31.0,Other DoD,ICT,4170141140,13089
2009,04:31.0,Air Force,Fuel,23805422.79,204
2000,04:31.0,NULL,ICT,0,NULL
1995,04:31.0,Army,ERS,836802611,2710
1997,04:31.0,Other DoD,PAMS,340876685,1278
2001,04:31.0,Air Force,NULL,0,1
1992,04:31.0,DLA,MED,424769,NULL
1994,04:31.0,MilitaryHealth,ICT,2050402,11
2000,04:31.0,DLA,R&D,85725769,273
2014,04:31.0,Other DoD,Fuel,29723.9395,9
1991,04:31.0,Navy,PAMS,5042141006,1
2003,04:31.0,DLA,ICT,306527285.8,480
2002,04:31.0,Army,ERS,1556243743,8395
2006,04:31.0,Other DoD,PAMS,3002828523,6022
2013,04:31.0,Army,NULL,-251967.04,29
2009,04:31.0,MDA,ICT,319174.65,13
1994,04:31.0,Army,MED,55071959,397
2010,04:31.0,MDA,Products,799597146.2,392
2002,04:31.0,Navy,MED,201685343.2,1243
2013,04:31.0,DLA,PAMS,377945971.9,1354
2003,04:31.0,MDA,Products,2360253,15
2004,04:31.0,Air Force,Fuel,4399934,38
2005,04:31.0,Other DoD,Fuel,115725,16
1995,04:31.0,MilitaryHealth,ERS,8853650,8
2001,04:31.0,Army,ICT,1593890763,5085
1991,04:31.0,DLA,ERS,78715000,NULL
2008,04:31.0,DLA,Products,19730904559,537950
2009,04:31.0,Army,FRS&C,35516702561,97549
1994,04:31.0,DLA,MED,458322,5
1998,04:31.0,Other DoD,ICT,1654623331,4378
2013,04:31.0,Air Force,Fuel,3400446.59,139
2008,04:31.0,Navy,FRS&C,9302310173,34306
2006,04:31.0,Army,Products,41001773429,183812
1991,04:31.0,Army,ERS,1310462000,NULL
1999,04:31.0,Other DoD,Products,1008173435,3875
2003,04:31.0,Navy,ERS,6660832340,23502
2008,04:31.0,Army,Products,74220105858,261616
1990,04:31.0,Air Force,FRS&C,3008878000,NULL
2013,04:31.0,Air Force,ERS,7806189134,14352
2007,04:31.0,Air Force,ICT,2745598199,12282
1990,04:31.0,Army,PAMS,1876333000,NULL
2013,04:31.0,Other DoD,FRS&C,287678443.8,1166
2002,04:31.0,MDA,R&D,2337419737,326
1996,04:31.0,Air Force,Products,19203405182,24681
1994,04:31.0,Other DoD,ICT,1305773792,4518
2009,04:31.0,Other DoD,ERS,2494398493,5921
1998,04:31.0,MilitaryHealth,MED,2559715040,382
2007,04:31.0,Army,R&D,10081177418,19451
2000,04:31.0,DLA,ERS,47093315,335
1990,04:31.0,Navy,ICT,1011192799,1
1996,04:31.0,DLA,Fuel,3787658704,1051
2003,04:31.0,DLA,MED,834683,10
2003,04:31.0,Army,ICT,2195463937,10289
1998,04:31.0,DLA,R&D,22586300,80
2010,04:31.0,MilitaryHealth,PAMS,9901810.45,35
2003,04:31.0,Air Force,PAMS,10317272248,16241
2004,04:31.0,Navy,Fuel,7772866,262
2012,04:31.0,Army,ERS,5289243084,31170
1995,04:31.0,Navy,PAMS,5254963320,18863
1995,04:31.0,Navy,FRS&C,4606987419,10729
2009,04:31.0,Air Force,ERS,7287880560,15071
1996,04:31.0,Army,ICT,1744079618,5274
2007,04:31.0,Other DoD,FRS&C,407760145.6,1151
1993,04:31.0,Air Force,ICT,825528584,NULL
2009,04:31.0,DLA,Fuel,18446240503,3394
2000,04:31.0,Other DoD,ICT,1849942628,5993
2002,04:31.0,Navy,Products,19447750593,31190
2003,04:31.0,DLA,FRS&C,255611172.6,1278
2006,04:31.0,Other DoD,FRS&C,334487570.3,1243
2001,04:31.0,Other DoD,ICT,2419772838,8034
1997,04:31.0,Other DoD,MED,386044,6
2004,04:31.0,Navy,ERS,6498655673,24007
2003,04:31.0,Navy,Products,23987835908,40339
1997,04:31.0,Army,ICT,1424318042,5138
1996,04:31.0,Other DoD,MED,4461524,7
2011,04:31.0,Army,Products,48858737989,187060
2010,04:31.0,MilitaryHealth,MED,10903187186,1176
2010,04:31.0,Air Force,MED,313421954.2,4202
2001,04:31.0,Army,R&D,5020994494,7038
1992,04:31.0,Other DoD,FRS&C,99965735,NULL
1995,04:31.0,Army,Fuel,602533,70
1995,04:31.0,Air Force,ERS,2464756858,3853
2002,04:31.0,NULL,FRS&C,0,NULL
1997,04:31.0,DLA,ICT,82525865,273
1992,04:31.0,Army,Fuel,14082794,NULL
1998,04:31.0,Navy,FRS&C,4680568708,11733
2010,04:31.0,Navy,PAMS,13195971578,58978
2014,04:31.0,MilitaryHealth,FRS&C,128631.9922,4
1994,04:31.0,Air Force,ERS,2976030852,4506
2004,04:31.0,DLA,PAMS,263508824.2,647
1996,04:31.0,Army,Products,10920651701,24554
1997,04:31.0,Army,Products,10637343718,23000
1996,04:31.0,Air Force,MED,21910985,144
2003,04:31.0,Army,PAMS,11014773220,42117
2004,04:31.0,Army,R&D,8059793077,12758
2000,04:31.0,Air Force,FRS&C,3258868967,14320
2010,04:31.0,DLA,Fuel,12045792813,3371
1996,04:31.0,DLA,Products,3175902547,26842
1998,04:31.0,Air Force,R&D,8169207550,6002
1998,04:31.0,DLA,MED,556951,10
1999,04:31.0,Other DoD,R&D,677546441,1147
1991,04:31.0,Navy,MED,136379920,NULL
1992,04:31.0,DLA,Fuel,3504595660,NULL
1993,04:31.0,DLA,Products,3165773548,NULL
2010,04:31.0,DLA,Products,20808738106,504644
2001,04:31.0,Air Force,PAMS,6364870959,10858
2001,04:31.0,Army,NULL,4175208.32,88
2008,04:31.0,Air Force,Products,25187170061,93230
2014,04:31.0,Other DoD,MED,44581508.32,151
2014,04:31.0,Air Force,MED,373654532.4,5285
1995,04:31.0,Air Force,MED,30910333,159
2009,04:31.0,MDA,Products,745695103.4,296
2000,04:31.0,Air Force,PAMS,5715843638,11118
1989,04:31.0,Army,FRS&C,62101000,NULL
2001,04:31.0,Air Force,R&D,8047789550,5818
2007,04:31.0,MilitaryHealth,ICT,289462.06,13
2003,04:31.0,Army,FRS&C,15550490422,63750
1996,04:31.0,DLA,ICT,47697464,270
2013,04:31.0,Other DoD,ERS,3088224552,9338098
1988,04:31.0,Army,FRS&C,-35000,NULL
2012,04:31.0,Navy,FRS&C,8616635671,33764
2014,04:31.0,Other DoD,ERS,3056897823,11434436
1992,04:31.0,Air Force,Fuel,69559723,NULL
2010,04:31.0,Navy,R&D,12067861633,14705
2001,04:31.0,DLA,NULL,0,NULL
2009,04:31.0,Army,Fuel,233191243,2474
2002,04:31.0,Navy,Fuel,4150798,87
2012,04:31.0,DLA,ERS,122318412.6,3249
1997,04:31.0,Army,ERS,866009880,3574
1994,04:31.0,Air Force,Products,21091352120,22984
2008,04:31.0,MilitaryHealth,ICT,209898.44,8
1996,04:31.0,Navy,PAMS,5303371272,18480
1993,04:31.0,Air Force,Products,19677621554,NULL
2001,04:31.0,DLA,R&D,106359381,374
2011,04:31.0,Navy,R&D,11477853073,16316
2001,04:31.0,Navy,Fuel,4724772,94
2014,04:31.0,Army,ICT,3309015468,9100
1997,04:31.0,DLA,ERS,26855065,88
1990,04:31.0,Navy,ERS,5690930114,NULL
2009,04:31.0,MilitaryHealth,ERS,51267.75,16
1996,04:31.0,MDA,R&D,299956885,335
2007,04:31.0,Navy,NULL,64467.27,9
2010,04:31.0,MDA,ERS,34053984.82,43
1991,04:31.0,DLA,Fuel,5883421000,NULL
2008,04:31.0,MilitaryHealth,ERS,208291.82,19
2004,04:31.0,Army,PAMS,17090233738,51757
1990,04:31.0,Navy,MED,126985000,NULL
2008,04:31.0,Navy,NULL,-2375.52,8
1994,04:31.0,Other DoD,Products,2153796569,6659
2007,04:31.0,Army,FRS&C,20920337317,85381
2013,04:31.0,MDA,PAMS,429269650.6,1006
2006,04:31.0,Army,FRS&C,21931184771,74964
2014,04:31.0,DLA,ICT,353863093.2,1157
2007,04:31.0,MDA,ERS,1333644,15
2008,04:31.0,MDA,R&D,4456445555,1813
2013,04:31.0,Army,R&D,4320744320,12615
2004,04:31.0,Navy,FRS&C,5577277838,37015
2005,04:31.0,MDA,ICT,22202402,30
2002,04:31.0,Army,Products,16636784808,56750
2011,04:31.0,MilitaryHealth,Products,6556655.49,272
2004,04:31.0,Navy,R&D,10211366625,10806
2003,04:31.0,Other DoD,ERS,608765571,860
2007,04:31.0,DLA,ICT,321474165.4,1481
1999,04:31.0,Navy,ERS,3818087924,8278
2011,04:31.0,DLA,PAMS,284920774,1506
1993,04:31.0,Other DoD,PAMS,1240524405,NULL
2013,04:31.0,Army,FRS&C,19620229431,77828
2014,04:31.0,MDA,Products,1834921076,455
1997,04:31.0,Navy,Products,15307556585,20399
1999,04:31.0,MilitaryHealth,ERS,58339,1
2014,04:31.0,Navy,ERS,6930218882,32915
1999,04:31.0,MDA,Products,81557,2
2008,04:31.0,Other DoD,PAMS,4015629298,10574
1990,04:31.0,Air Force,PAMS,3426428000,NULL
1990,04:31.0,Army,ICT,648614000,NULL
2012,04:31.0,Navy,Fuel,28333463.36,498
2006,04:31.0,Army,ERS,3717519245,22892
2008,04:31.0,Other DoD,NULL,761828.98,22
1989,04:31.0,Navy,FRS&C,297766000,NULL
2003,04:31.0,Other DoD,Products,1883720560,6808
1992,04:31.0,DLA,R&D,11065221,NULL
2006,04:31.0,Other DoD,MED,2703301,57
1994,04:31.0,Army,PAMS,3061799028,11403
2001,04:31.0,Other DoD,Products,923929612.5,3776
2004,04:31.0,MilitaryHealth,PAMS,1089731,19
2009,04:31.0,DLA,PAMS,386623608.2,2250
2009,04:31.0,Air Force,PAMS,11801238718,32932
2006,04:31.0,MDA,PAMS,198976690.8,306
2001,04:31.0,Navy,ICT,1536597498,6067
2006,04:31.0,Navy,FRS&C,6800533725,33039
2013,04:31.0,Army,PAMS,23198101492,61890
2007,04:31.0,MDA,ICT,28383916.66,46
2006,04:31.0,DLA,ERS,175383416.1,3080
1990,04:31.0,DLA,ICT,49129000,NULL
1994,04:31.0,MilitaryHealth,Products,177912,3
1993,04:31.0,Other DoD,R&D,1530821072,NULL
2007,04:31.0,DLA,MED,1058454.85,42
2011,04:31.0,Air Force,FRS&C,5387353592,26824
2011,04:31.0,DLA,FRS&C,919146987.3,10696
1992,04:31.0,Army,MED,158818600,NULL
2011,04:31.0,MDA,FRS&C,28962183.75,84
2005,04:31.0,Other DoD,ERS,552260595.7,1739
2010,04:31.0,Other DoD,R&D,2116924970,4311
2004,04:31.0,NULL,ICT,401586,NULL
2003,04:31.0,Navy,ICT,2240515173,13266
2007,04:31.0,Air Force,PAMS,13067000361,33140
2003,04:31.0,Air Force,ICT,2048508108,5696
2008,04:31.0,Other DoD,R&D,1381448689,2420
1991,04:31.0,Other DoD,PAMS,868873000,NULL
2009,04:31.0,MilitaryHealth,Products,1367788.38,30
1998,04:31.0,Army,FRS&C,8928039720,24533
2007,04:31.0,Air Force,R&D,11623245318,15569
1996,04:31.0,Army,R&D,4869480622,7043
2001,04:31.0,Air Force,ICT,1721461887,4094
2007,04:31.0,Army,MED,914169866.9,10675
2013,04:31.0,DLA,FRS&C,934840996.7,10781
2006,04:31.0,Other DoD,NULL,4374098.04,44
2000,04:31.0,MilitaryHealth,MED,1366839732,155
2004,04:31.0,Air Force,ERS,3500049428,5166
1998,04:31.0,DLA,FRS&C,115530153,663
2006,04:31.0,MDA,R&D,2802352762,814
2002,04:31.0,MilitaryHealth,MED,4180571837,352
2014,04:31.0,Navy,Products,46626120766,105501
1998,04:31.0,Air Force,Fuel,81166725,290
2011,04:31.0,DLA,R&D,55327288.34,158
1996,04:31.0,DLA,PAMS,71073362,433
2005,04:31.0,DLA,ICT,559818827.4,2055
1990,04:31.0,Army,NULL,NULL,NULL
1994,04:31.0,DLA,FRS&C,164088897,1374
2002,04:31.0,DLA,Fuel,5373631309,1036
2005,04:31.0,Air Force,MED,134544941.7,1937
1990,04:31.0,DLA,MED,202000,NULL
1998,04:31.0,MilitaryHealth,ICT,327102,11
2004,04:31.0,DLA,Products,11954495339,104773
1989,04:31.0,Army,Products,243481000,NULL
1998,04:31.0,Navy,MED,204275781,776
2010,04:31.0,Navy,Fuel,19250801.39,574
1994,04:31.0,Air Force,FRS&C,4156656914,12390
2009,04:31.0,Air Force,FRS&C,6763099787,27613
1991,04:31.0,Other DoD,R&D,1488370000,NULL
2011,04:31.0,Army,R&D,7745906648,16604
2000,04:31.0,Navy,MED,140747887,875
1996,04:31.0,Army,PAMS,4695436493,16536
1990,04:31.0,DLA,NULL,NULL,NULL
2005,04:31.0,Army,ICT,2229807749,11092
2004,04:31.0,Other DoD,MED,2520014,24
1990,04:31.0,Air Force,R&D,10875880000,NULL
2003,04:31.0,Air Force,MED,50864795.4,352
1994,04:31.0,Army,R&D,3787033262,5109
2006,04:31.0,MilitaryHealth,PAMS,6476288,17
2012,04:31.0,Navy,ERS,6624478145,33949
2004,04:31.0,MilitaryHealth,ICT,277149,11
2000,04:31.0,DLA,ICT,238303128,580
2005,04:31.0,MilitaryHealth,Products,2163487,26
2003,04:31.0,Other DoD,NULL,4339649,18
1993,04:31.0,Navy,ERS,3536365469,284
2001,04:31.0,Army,ERS,1903120793,3726
NULL,04:31.0,Other DoD,NULL,NULL,NULL
2011,04:31.0,MilitaryHealth,PAMS,15721529.7,142
1998,04:31.0,MilitaryHealth,Products,895768,7
1997,04:31.0,Air Force,Products,14906441573,22158
1999,04:31.0,Air Force,MED,25910886,174
2003,04:31.0,Air Force,Fuel,7106275,51
1997,04:31.0,Army,R&D,4807349465,6717
2002,04:31.0,Army,MED,925010558.5,3313
1992,04:31.0,Army,FRS&C,8268875509,NULL
2011,04:31.0,Air Force,Products,25847838516,95456
2004,04:31.0,Army,ICT,2635809344,13009
2010,04:31.0,Navy,Products,42088768675,144428
2004,04:31.0,Air Force,PAMS,9431274207,16607
2005,04:31.0,Navy,Fuel,16973418,582
1991,04:31.0,Navy,ICT,1163680627,NULL
2013,04:31.0,Army,Fuel,468405758.4,1918
1998,04:31.0,Navy,Fuel,3874302,63
2013,04:31.0,MilitaryHealth,MED,11768277818,809
2011,04:31.0,Other DoD,MED,2694471.23,109
1995,04:31.0,Army,MED,175978711,842
1991,04:31.0,Navy,FRS&C,3837284437,NULL
1990,04:31.0,Air Force,ICT,874350000,NULL
2007,04:31.0,Army,PAMS,25160512640,73028
1997,04:31.0,Other DoD,ICT,1426474102,4819
1995,04:31.0,MilitaryHealth,MED,1344041248,237
2002,04:31.0,MDA,Products,968155,10
2011,04:31.0,Navy,ERS,6932499190,36432
1994,04:31.0,Navy,MED,166833916,554
2002,04:31.0,DLA,MED,505656,8
2014,04:31.0,Air Force,FRS&C,4922318679,22120
1992,04:31.0,Other DoD,ERS,18213604,NULL
2000,04:31.0,DLA,Products,5378036491,42030
1993,04:31.0,Army,ICT,1158914718,NULL
2013,04:31.0,DLA,Fuel,13750942138,3700
1999,04:31.0,DLA,Fuel,2543978015,736
2000,04:31.0,MDA,FRS&C,49921,1
1992,04:31.0,DLA,FRS&C,181577749,NULL
2009,04:31.0,Air Force,NULL,-4570.18,1
2013,04:31.0,Army,MED,904188382.2,8061
2006,04:31.0,Navy,Products,33698333457,131063
2014,04:31.0,DLA,Products,18308572658,542897
2000,04:31.0,Army,Products,13605768275,23404
2008,04:31.0,DLA,R&D,18746585.39,96
2007,04:31.0,DLA,PAMS,265780152.1,2282
1991,04:31.0,Other DoD,Products,336920000,NULL
1992,04:31.0,Navy,Products,20820164174,19
2005,04:31.0,Other DoD,PAMS,2563693831,5258
2003,04:31.0,MDA,R&D,2457552933,424
1994,04:31.0,Air Force,R&D,9776608191,7700
2008,04:31.0,Air Force,ICT,2608473973,11401
1991,04:31.0,Air Force,ERS,2594081000,NULL
1998,04:31.0,Other DoD,PAMS,373694167,1381
2003,04:31.0,Other DoD,FRS&C,400857563.4,631
2009,04:31.0,MDA,PAMS,498745687.6,892
1997,04:31.0,Air Force,ICT,916704628,3184
2011,04:31.0,DLA,ICT,713514774.1,1462
2012,04:31.0,Army,NULL,-648621.43,12
1999,04:31.0,Navy,PAMS,6343466288,21277
1993,04:31.0,Other DoD,MED,421793954,NULL
2006,04:31.0,Other DoD,ERS,490644961.2,2111
2001,04:31.0,MDA,ICT,6351460,28
2003,04:31.0,Navy,FRS&C,6867124227,46488
1992,04:31.0,Other DoD,R&D,1801668918,NULL
1990,04:31.0,Other DoD,NULL,NULL,NULL
1999,04:31.0,Other DoD,FRS&C,174762657,357
2003,04:31.0,Navy,PAMS,6848745583,30661
2014,04:31.0,Navy,MED,374895343.2,4796
1995,04:31.0,DLA,FRS&C,155693834,1180
2001,04:31.0,DLA,Fuel,4078255050,698
1991,04:31.0,Air Force,R&D,9482388000,NULL
2001,04:31.0,Air Force,ERS,2078899199,3930
2005,04:31.0,Army,ERS,5023546384,26363
1989,04:31.0,Army,ICT,70000,NULL
2004,04:31.0,DLA,ICT,396348414.5,612
2011,04:31.0,Navy,Products,56635377863,134563
2004,04:31.0,Air Force,MED,65318814.24,593
2003,04:31.0,Army,Products,25181519609,105814
2005,04:31.0,Other DoD,MED,10948129,65
2012,04:31.0,Army,FRS&C,24086668509,90702
1993,04:31.0,Other DoD,ICT,1461685294,NULL
1990,04:31.0,Navy,FRS&C,2810773778,NULL
1993,04:31.0,Army,R&D,4534948085,NULL
2003,04:31.0,Army,Fuel,26451304,508
1994,04:31.0,Navy,Fuel,10513795,123
2005,04:31.0,Army,Products,41792846359,180710
2007,04:31.0,MDA,PAMS,298503548,413
2008,04:31.0,Air Force,R&D,12120148961,16688
2011,04:31.0,Other DoD,PAMS,5132717111,17028
2005,04:31.0,MDA,R&D,3333340481,489
1993,04:31.0,DLA,R&D,12183947,NULL
2006,04:31.0,Army,NULL,101406156.7,237
1997,04:31.0,DLA,FRS&C,161853693,856
2001,04:31.0,MilitaryHealth,ICT,126707,2
2005,04:31.0,Navy,PAMS,7755995161,44952
1993,04:31.0,DLA,PAMS,31091749,NULL
2001,04:31.0,Air Force,Products,19243080946,17595
2007,04:31.0,MilitaryHealth,FRS&C,17279.1,6
2012,04:31.0,DLA,PAMS,295171381,1465
2008,04:31.0,Army,NULL,588569.71,159
2007,04:31.0,MilitaryHealth,PAMS,7884183.3,21
2003,04:31.0,Navy,R&D,10054158802,10151
1995,04:31.0,DLA,R&D,13998525,34
2001,04:31.0,Army,Fuel,5003551,93
2009,04:31.0,MilitaryHealth,FRS&C,30000,2
2014,04:31.0,MDA,FRS&C,17743124.45,39
1995,04:31.0,DLA,PAMS,48547271,258
2008,04:31.0,Army,ICT,3465842799,14876
2001,04:31.0,Navy,NULL,396812.83,12
2009,04:31.0,Navy,Fuel,17078324.17,524
2012,04:31.0,Army,PAMS,26088581125,73432
2002,04:31.0,MDA,ERS,143615.2,1
2008,04:31.0,DLA,NULL,0,NULL
2005,04:31.0,DLA,ERS,181893434.2,3007
1993,04:31.0,Air Force,PAMS,3557647002,NULL
1991,04:31.0,Other DoD,ICT,995664000,NULL
2005,04:31.0,Other DoD,NULL,563383.2,82
2013,04:31.0,MilitaryHealth,Fuel,1825000,2
1997,04:31.0,Air Force,Fuel,82113330,264
1993,04:31.0,Air Force,R&D,9806353387,NULL
2007,04:31.0,Other DoD,MED,3813497,67
2012,04:31.0,DLA,R&D,23337878.84,100
2012,04:31.0,DLA,FRS&C,714747939.8,11622
2005,04:31.0,Navy,FRS&C,6082514176,39597
1999,04:31.0,MilitaryHealth,ICT,-1155842,9
1994,04:31.0,Navy,Products,17314528225,23915
2002,04:31.0,NULL,Products,0,NULL
2002,04:31.0,Air Force,MED,45197393,279
1995,04:31.0,Army,FRS&C,8408025701,21309
2010,04:31.0,Army,R&D,8529727526,17072
2003,04:31.0,DLA,Products,10991647873,86427
1997,04:31.0,Army,FRS&C,8618796806,24374
2008,04:31.0,Air Force,PAMS,10890899953,32359
1993,04:31.0,Army,PAMS,3442439621,NULL
1997,04:31.0,Air Force,R&D,8282860396,6499
2011,04:31.0,MilitaryHealth,FRS&C,8464.58,6
2008,04:31.0,Other DoD,Products,1995350775,14440
2003,04:31.0,Navy,NULL,2995459.43,66
1998,04:31.0,Navy,Products,16723412952,21460
1993,04:31.0,Army,FRS&C,7809412781,NULL
2003,04:31.0,MilitaryHealth,ICT,267806,10
1994,04:31.0,MilitaryHealth,PAMS,354684912,64
2002,04:31.0,NULL,Fuel,0,NULL
2009,04:31.0,Navy,Products,45978801926,148684
2004,04:31.0,MilitaryHealth,Products,612094,16
1992,04:31.0,Navy,ERS,5508591347,1
1992,04:31.0,Navy,R&D,5128713949,1
2013,04:31.0,Navy,Fuel,27925132.09,478
2003,04:31.0,MDA,PAMS,50535050.9,114
1996,04:31.0,Other DoD,R&D,672024290,1284
2005,04:31.0,MilitaryHealth,MED,6397889563,569
2005,04:31.0,Army,Fuel,42288386,1075
2003,04:31.0,MilitaryHealth,MED,5882504451,588
1997,04:31.0,DLA,PAMS,80541332,440
2013,04:31.0,MilitaryHealth,ERS,1246927.885,95
1991,04:31.0,Army,R&D,4427159000,NULL
2010,04:31.0,Army,ICT,4189735876,14327
1990,04:31.0,Navy,R&D,5386699764,NULL
2007,04:31.0,Navy,Products,40766572285,149429
2012,04:31.0,MilitaryHealth,ICT,33820941.05,94
1993,04:31.0,Other DoD,ERS,49327825,NULL
2006,04:31.0,Army,PAMS,21250604363,63728
2014,04:31.0,MilitaryHealth,MED,12580340280,947
1989,04:31.0,Army,R&D,14983000,NULL
1990,04:31.0,Air Force,ERS,1646144000,NULL
1991,04:31.0,Army,FRS&C,8228012000,NULL
1999,04:31.0,Navy,FRS&C,4937494864,11773
1995,04:31.0,Air Force,R&D,8811071363,6790
2008,04:31.0,Air Force,NULL,0,NULL
2005,04:31.0,DLA,Fuel,9497647051,2347
1997,04:31.0,Army,PAMS,4256896053,16658
1991,04:31.0,Air Force,ICT,1059478000,NULL
1994,04:31.0,Other DoD,Fuel,186486,5
2006,04:31.0,Other DoD,Products,2246699620,16273
1997,04:31.0,Air Force,ERS,3100735510,3970
2011,04:31.0,DLA,ERS,109440235.2,2319
2014,04:31.0,DLA,Fuel,11686867972,21226
2001,04:31.0,Army,Products,15342427086,25911
1991,04:31.0,DLA,FRS&C,137659000,NULL
1999,04:31.0,Air Force,FRS&C,3231950553,9809
1999,04:31.0,Army,Products,11867122857,22574
2001,04:31.0,Navy,FRS&C,5668830621,27724
2001,04:31.0,MDA,FRS&C,108534775,101
2004,04:31.0,Air Force,FRS&C,4410077608,14703
2014,04:31.0,Army,Fuel,423750222.2,2481
1987,04:31.0,Army,ICT,-171000,NULL
2013,04:31.0,Other DoD,PAMS,5410290471,20462
2003,04:31.0,Other DoD,R&D,874405437.1,1125
1988,04:31.0,Navy,MED,25000,NULL
2008,04:31.0,Navy,ICT,5292496947,42327
1991,04:31.0,Other DoD,ERS,13402000,NULL
2000,04:31.0,MDA,ICT,5474213,13
1995,04:31.0,Navy,MED,175289527,518
2014,04:31.0,Air Force,PAMS,10646454699,24582
2005,04:31.0,Navy,NULL,415117,3
2014,04:31.0,Navy,PAMS,10434103309,46999
2001,04:31.0,DLA,Products,6516315911,55370
2009,04:31.0,MilitaryHealth,NULL,303279,1
2008,04:31.0,DLA,PAMS,368599843.4,2236
1994,04:31.0,Other DoD,MED,14043987,25
2002,04:31.0,MDA,ICT,19762042,56
2000,04:31.0,Air Force,MED,15506867,150
2010,04:31.0,DLA,ICT,577144449.1,1918
2009,04:31.0,Army,ERS,5243919464,28749
2006,04:31.0,DLA,PAMS,201965265,1595
2001,04:31.0,MDA,R&D,1550045227,248
2003,04:31.0,NULL,Fuel,0,NULL
2006,04:31.0,Air Force,ICT,2714269811,8337
1994,04:31.0,Army,FRS&C,7160112085,17157
2006,04:31.0,Air Force,Products,26459132515,96167
1998,04:31.0,DLA,Products,3879985381,34651
1991,04:31.0,Navy,R&D,4326067573,2
2006,04:31.0,Other DoD,ICT,4048335790,14086
2002,04:31.0,Navy,NULL,52766816.14,46
1998,04:31.0,Army,Products,10092138202,22056
2013,04:31.0,DLA,R&D,15823799.66,106
2009,04:31.0,MilitaryHealth,PAMS,7115253.93,21
2001,04:31.0,Air Force,Fuel,26214217,180
2012,04:31.0,MilitaryHealth,FRS&C,1923038.25,15
1990,04:31.0,Navy,PAMS,4343410835,2
1990,04:31.0,Other DoD,R&D,1383473000,NULL
2001,04:31.0,Other DoD,NULL,626059,17
2008,04:31.0,DLA,FRS&C,748666649.6,13528
2012,04:31.0,MDA,ERS,58421448.52,40
1989,04:31.0,Navy,Fuel,39000,NULL
1996,04:31.0,Navy,ICT,1091424102,5006
2004,04:31.0,MilitaryHealth,MED,5120436793,701
2013,04:31.0,Air Force,PAMS,10312259361,27954
1991,04:31.0,DLA,PAMS,29494000,NULL
2010,04:31.0,Air Force,R&D,13377744231,17811
2002,04:31.0,MilitaryHealth,ICT,-45921,5
2000,04:31.0,Air Force,ERS,2510815032,4301
2014,04:31.0,Other DoD,PAMS,4669256337,19430
1992,04:31.0,Army,R&D,5038330514,NULL
2008,04:31.0,Other DoD,ERS,2604581378,5660
2008,04:31.0,Army,FRS&C,28983688488,87461
2006,04:31.0,Army,R&D,10436498873,14240
2009,04:31.0,MDA,FRS&C,34203056.48,76
1990,04:31.0,DLA,Fuel,4871689000,NULL
2009,04:31.0,Army,Products,60401583242,228476
1995,04:31.0,Other DoD,ICT,1350092310,4452
2004,04:31.0,Army,Fuel,12594603,750
1998,04:31.0,Air Force,FRS&C,3334967635,10033
2009,04:31.0,Other DoD,MED,3156210.21,101
2012,04:31.0,Air Force,Fuel,17348169.89,319
2010,04:31.0,DLA,NULL,-17073.24,4
2007,04:31.0,Navy,ICT,5180053579,44493
2007,04:31.0,Air Force,ERS,6087369777,15760
2004,04:31.0,Army,MED,1019647814,7457
1996,04:31.0,Other DoD,Products,696059430,3149
2007,04:31.0,Navy,Fuel,19252957.28,596
2010,04:31.0,DLA,ERS,101168251.6,2974
2009,04:31.0,Army,ICT,3511734203,15232
2008,04:31.0,Navy,Products,51510991185,159539
2007,04:31.0,Other DoD,Products,1670109502,12872
1995,04:31.0,Navy,ERS,4903007296,9166
2000,04:31.0,Navy,FRS&C,4804799381,25522
1998,04:31.0,MDA,FRS&C,12007965,31
1990,04:31.0,DLA,FRS&C,103698000,NULL
1990,04:31.0,Other DoD,ERS,9048000,NULL
2003,04:31.0,Army,ERS,2042917146,12092
2006,04:31.0,Other DoD,Fuel,201019,20
1989,04:31.0,Other DoD,PAMS,3488000,NULL
2005,04:31.0,Air Force,FRS&C,5079809594,19219
2004,04:31.0,DLA,Fuel,6499707680,1091
1999,04:31.0,DLA,ERS,37471949,210
2009,04:31.0,Navy,ERS,6787064210,36515
2009,04:31.0,DLA,ICT,406745532.2,1661
2010,04:31.0,Army,ERS,5368452652,30663
1991,04:31.0,Army,PAMS,2701555000,NULL
1995,04:31.0,DLA,ICT,36426555,202
2006,04:31.0,MilitaryHealth,ICT,282219.96,11
2001,04:31.0,Other DoD,FRS&C,355727228,403
2010,04:31.0,Navy,MED,612902674.3,6282
2014,04:31.0,Air Force,R&D,9167276186,13875
2001,04:31.0,Air Force,MED,30199957,197
1997,04:31.0,Navy,ICT,1176195746,4486
2013,04:31.0,MilitaryHealth,Products,41698342.76,352
2002,04:31.0,Air Force,Fuel,6312070,37
2011,04:31.0,Other DoD,FRS&C,224821818.1,1494
2001,04:31.0,DLA,ICT,243838065.7,432
2005,04:31.0,DLA,R&D,20638939,130
2008,04:31.0,Navy,R&D,12591754003,13898
2009,04:31.0,DLA,FRS&C,603568929.8,13881
2004,04:31.0,Other DoD,FRS&C,358297692.5,1133
2006,04:31.0,Navy,R&D,14643844774,14008
2000,04:31.0,Army,ERS,1407625669,3201
2007,04:31.0,DLA,FRS&C,1297502799,12808
2002,04:31.0,Other DoD,NULL,3257853.25,23
2008,04:31.0,Navy,ERS,6361052991,36279
1990,04:31.0,DLA,PAMS,31235000,NULL
2012,04:31.0,Other DoD,R&D,1785990101,4298
1998,04:31.0,Army,Fuel,9184830,71
2005,04:31.0,Air Force,PAMS,11042697631,24852
2011,04:31.0,Air Force,R&D,13605050287,18182
2013,04:31.0,Navy,MED,351650623.9,4874
2002,04:31.0,DLA,ERS,53581389,342
2011,04:31.0,Army,NULL,-60234.57,28
1995,04:31.0,MDA,R&D,251001833,301
2004,04:31.0,Navy,MED,262766097.4,2510
1988,04:31.0,Other DoD,Products,44000,NULL
2012,04:31.0,MDA,Products,2371209369,446
1999,04:31.0,Navy,Fuel,5055846,67
2011,04:31.0,MDA,ICT,2833540.53,23
1996,04:31.0,Army,MED,171059238,1187
2006,04:31.0,Air Force,ERS,5567915090,12641
1997,04:31.0,Other DoD,Products,729678573,3440
2011,04:31.0,Air Force,Fuel,15212546.3,243
2010,04:31.0,Navy,ERS,6068063994,38144
1994,04:31.0,Army,ICT,1359381135,3965
2004,04:31.0,MDA,R&D,3010875716,443
1990,04:31.0,Other DoD,Products,418417000,NULL
1995,04:31.0,MilitaryHealth,FRS&C,122889,1
NULL,04:31.0,Navy,NULL,NULL,NULL
2004,04:31.0,Other DoD,PAMS,2170136372,4671
2003,04:31.0,Other DoD,ICT,3376328340,9720
2000,04:31.0,Other DoD,NULL,2213101,11
1996,04:31.0,Other DoD,ICT,1541848921,6107
1998,04:31.0,DLA,Fuel,3004717790,747
2008,04:31.0,Navy,Fuel,21215768.99,577
1998,04:31.0,Navy,PAMS,5508109283,19111
2014,04:31.0,Other DoD,R&D,1732456221,4868
2010,04:31.0,MDA,PAMS,409228471.2,1033
1993,04:31.0,Navy,Products,19370538343,446
2008,04:31.0,MilitaryHealth,PAMS,6245907.56,25
2000,04:31.0,MDA,R&D,1367983248,392
1994,04:31.0,Air Force,PAMS,4455388772,9408
2013,04:31.0,Air Force,FRS&C,3930450881,22307
2009,04:31.0,Army,R&D,9491667665,17680
2009,04:31.0,Air Force,ICT,2653103435,9861
2011,04:31.0,Army,FRS&C,26856899055,101437
2002,04:31.0,Army,FRS&C,11736379068,46547
2007,04:31.0,DLA,R&D,15165412.79,143
2008,04:31.0,Other DoD,MED,2926798.18,73
2001,04:31.0,Army,MED,814026393.3,1817
2001,04:31.0,DLA,MED,1154403,5
1989,04:31.0,Navy,PAMS,86355000,NULL
1988,04:31.0,Navy,ICT,57000,NULL
2011,04:31.0,Navy,MED,556895049.5,5494
2000,04:31.0,Navy,PAMS,6219561585,24767
2012,04:31.0,Other DoD,Fuel,2278763.45,17
1992,04:31.0,Army,PAMS,2967051546,NULL
2007,04:31.0,Air Force,MED,277752795.6,3574
2007,04:31.0,Other DoD,ERS,571190326.4,3089
2002,04:31.0,Other DoD,FRS&C,773341973,567
2010,04:31.0,Other DoD,MED,-2677789.91,149
1990,04:31.0,Air Force,NULL,NULL,NULL
2013,04:31.0,DLA,ICT,511998342.5,1397
2007,04:31.0,MDA,Products,418631872.7,251
2010,04:31.0,Other DoD,Products,2206809022,22844
1998,04:31.0,Other DoD,MED,243451,4
1997,04:31.0,Navy,FRS&C,4912949333,11664
2008,04:31.0,MDA,Products,895917861,278
2013,04:31.0,Army,ERS,4767850384,23892
1996,04:31.0,DLA,MED,683621,8
1994,04:31.0,Other DoD,ERS,39675586,110
2014,04:31.0,DLA,ERS,89184305.7,2940
2012,04:31.0,MilitaryHealth,PAMS,59889416.38,558
2009,04:31.0,Other DoD,Fuel,525966.81,5
1999,04:31.0,Army,ERS,1294432643,3312
2013,04:31.0,DLA,Products,18074782516,519524
2010,04:31.0,Other DoD,Fuel,198115.34,6
2002,04:31.0,Army,PAMS,7210830118,33294
1999,04:31.0,DLA,ICT,263095569,503
1996,04:31.0,MDA,ICT,348205,2
1992,04:31.0,Navy,ICT,1019095570,NULL
2013,04:31.0,Army,ICT,3568491557,11156
1996,04:31.0,Navy,FRS&C,5193086732,12378
1997,04:31.0,DLA,MED,442272,7
2010,04:31.0,Air Force,Products,24924410918,89453
1994,04:31.0,Navy,R&D,6101123111,8106
1998,04:31.0,DLA,ICT,106609647,439
1991,04:31.0,Air Force,Products,22172471000,NULL
1991,04:31.0,Navy,ERS,5339597603,NULL
1995,04:31.0,MDA,ICT,592440,7
2012,04:31.0,Navy,R&D,10422670657,15385
2013,04:31.0,Other DoD,MED,32261324.31,121
1999,04:31.0,Air Force,PAMS,5025798036,10918
2006,04:31.0,Navy,ERS,6521406053,32550
1998,04:31.0,Army,ICT,1400421214,5178
1998,04:31.0,Air Force,PAMS,4574826804,10357
2000,04:31.0,Other DoD,PAMS,648035206.4,1775
2014,04:31.0,DLA,MED,2391451.935,45
2000,04:31.0,Other DoD,R&D,595622438.8,1109
2010,04:31.0,Air Force,ICT,2198053999,9611
1991,04:31.0,Air Force,Fuel,84827000,NULL
1990,04:31.0,Other DoD,FRS&C,26408000,NULL
2012,04:31.0,Other DoD,ERS,5934709965,10816823
2000,04:31.0,Army,MED,682151044.8,1372
2010,04:31.0,Air Force,ERS,6941301841,15184
1990,04:31.0,Army,FRS&C,3968229000,NULL
2014,04:31.0,MDA,ICT,47663147.26,93
1993,04:31.0,Other DoD,Products,1156462477,NULL
2007,04:31.0,MilitaryHealth,MED,9060014915,818
2013,04:31.0,Army,Products,30475967029,129661
2008,04:31.0,MilitaryHealth,MED,9161969197,904
1994,04:31.0,MilitaryHealth,MED,511658746,154
2011,04:31.0,Navy,PAMS,13323562125,59634
1998,04:31.0,MDA,R&D,537404878,516
2013,04:31.0,DLA,ERS,123658642.7,2973
1996,04:31.0,Air Force,ERS,2845667575,4396
1988,04:31.0,Navy,ERS,2935000,NULL
2000,04:31.0,DLA,MED,1614219,8
1996,04:31.0,Air Force,ICT,905480586,3148
2014,04:31.0,Army,MED,806453375.7,6424
1995,04:31.0,Other DoD,MED,2322347,7
2014,04:31.0,Navy,FRS&C,7762541031,34241
1989,04:31.0,Navy,MED,156000,NULL
2005,04:31.0,MDA,FRS&C,180336667.7,287
1992,04:31.0,Other DoD,Products,1097838195,NULL
1995,04:31.0,MilitaryHealth,PAMS,-44198856,34
2011,04:31.0,Air Force,ERS,7482231798,15587
1997,04:31.0,Other DoD,ERS,83382710,113
2001,04:31.0,Other DoD,R&D,544811219.7,883
2010,04:31.0,Navy,ICT,4388219799,33851
1993,04:31.0,Navy,ICT,915358156,101
2003,04:31.0,Army,R&D,7064903545,13152
1999,04:31.0,Other DoD,PAMS,518799576,1728
1995,04:31.0,Air Force,ICT,931920019,3261
2013,04:31.0,Air Force,MED,335659630.5,5193
1989,04:31.0,Other DoD,FRS&C,3540000,NULL
2011,04:31.0,MDA,ERS,64650335.95,68
2004,04:31.0,DLA,R&D,13770758,23
2009,04:31.0,Other DoD,Products,2178574737,18763
2012,04:31.0,Navy,ICT,4964439193,33100
2011,04:31.0,DLA,Products,20471073603,555324
1993,04:31.0,Navy,R&D,4886811911,44
2010,04:31.0,Army,Products,57034798492,215851
1990,04:31.0,Air Force,Products,21077465000,NULL
2007,04:31.0,Air Force,Products,30530269527,94645
2005,04:31.0,Navy,MED,356679160.1,3752
2012,04:31.0,MilitaryHealth,R&D,6685309.45,27
1999,04:31.0,MDA,PAMS,217437,3
1995,04:31.0,Other DoD,ERS,127617786,83
2002,04:31.0,Other DoD,PAMS,1245048347,2583
2010,04:31.0,Army,Fuel,280561249.4,2043
2003,04:31.0,DLA,PAMS,342984516.1,986
2003,04:31.0,MDA,FRS&C,136673444,281
2012,04:31.0,MDA,ICT,38980330.36,40
2001,04:31.0,Other DoD,PAMS,661951610.2,1734
2007,04:31.0,Navy,ERS,7114979409,37680
1995,04:31.0,Other DoD,Products,548718487,2545
2006,04:31.0,MDA,Products,278295809,117
1988,04:31.0,Navy,Products,2931670,NULL
1990,04:31.0,Navy,NULL,NULL,NULL
2012,04:31.0,Air Force,ICT,1785748426,7874
1989,04:31.0,Navy,Products,310973946,NULL
1997,04:31.0,MilitaryHealth,PAMS,-1361020,25
1995,04:31.0,Navy,ICT,1112191669,4984
1996,04:31.0,Other DoD,ERS,137453297,91
2013,04:31.0,Navy,PAMS,9681918283,49201
2013,04:31.0,DLA,MED,2910703.158,38
1996,04:31.0,MilitaryHealth,PAMS,3530196,21
2014,04:31.0,MilitaryHealth,PAMS,343208319.9,298
2014,04:31.0,Army,Products,26340617526,124941
1999,04:31.0,Army,MED,617149868,1502
2007,04:31.0,Air Force,Fuel,10059694.63,197
2008,04:31.0,Other DoD,Fuel,54740.75,4
1998,04:31.0,Army,MED,207543554,1414
2006,04:31.0,DLA,FRS&C,894707421.4,12454
1998,04:31.0,Army,ERS,1088644448,3344
2013,04:31.0,MDA,R&D,3289935616,2623
2006,04:31.0,Air Force,Fuel,6881749,170
2014,04:31.0,MDA,R&D,3650773701,2675
2013,04:31.0,Other DoD,NULL,0,5
1989,04:31.0,Navy,ERS,498591000,NULL
1998,04:31.0,DLA,ERS,54089242,203
2009,04:31.0,MilitaryHealth,MED,11810012162,798
2007,04:31.0,Other DoD,Fuel,57134,6
1999,04:31.0,MDA,R&D,921573411,530
2009,04:31.0,Navy,ICT,5446554868,39291
1996,04:31.0,Navy,R&D,5640118692,8578
2012,04:31.0,Air Force,ERS,9207777657,15141
2012,04:31.0,Other DoD,Products,2635096752,21729
2002,04:31.0,Other DoD,R&D,770575208,1121
2004,04:31.0,MDA,FRS&C,147449176.8,262
2013,04:31.0,Navy,FRS&C,7085262258,31868
2003,04:31.0,Air Force,FRS&C,4927561755,16699
2002,04:31.0,MilitaryHealth,Products,97991,3
2011,04:31.0,Air Force,ICT,1999650537,8563
2001,04:31.0,MilitaryHealth,Products,264305,1
1999,04:31.0,DLA,MED,1356717,7
1994,04:31.0,Air Force,ICT,965808126,3690
2008,04:31.0,Navy,MED,485895849,5356
1994,04:31.0,Navy,ICT,1120619623,5163
2009,04:31.0,Navy,MED,521339439.4,6057
1998,04:31.0,Other DoD,FRS&C,101709765,271
2004,04:31.0,Army,ERS,3025228080,25607
2007,04:31.0,Other DoD,ICT,3838225302,33476
2009,04:31.0,Other DoD,ICT,4182129679,30997
1990,04:31.0,Army,MED,123213000,NULL
2006,04:31.0,MilitaryHealth,FRS&C,21334,3
2014,04:31.0,MilitaryHealth,ERS,636943.7686,11
2002,04:31.0,Air Force,ERS,2907218133,4637
2000,04:31.0,Other DoD,FRS&C,346509607,479
2002,04:31.0,Navy,PAMS,6683063379,33696
1992,04:31.0,Other DoD,ICT,1574964618,NULL
2003,04:31.0,Air Force,NULL,1008658.1,13
2004,04:31.0,Army,Products,26905675345,152926
1995,04:31.0,Navy,Products,16720712728,22824
1997,04:31.0,MDA,Products,1702744,12
1997,04:31.0,Navy,ERS,4057867599,7113
2000,04:31.0,Army,Fuel,5004049,85
2000,04:31.0,MilitaryHealth,ICT,939214,2
2002,04:31.0,Air Force,Products,23616239206,21364
2004,04:31.0,Navy,PAMS,6627550968,32738
2004,04:31.0,DLA,ERS,75655118.22,378
1989,04:31.0,Army,ERS,1037000,NULL
1994,04:31.0,DLA,R&D,3924844,9
1994,04:31.0,DLA,PAMS,47045808,265
2007,04:31.0,Army,NULL,19375859.56,29
1992,04:31.0,DLA,PAMS,31501205,NULL
2002,04:31.0,Navy,R&D,8058228857,10375
2005,04:31.0,DLA,MED,1725164,25
1995,04:31.0,Navy,Fuel,4043532,71
1996,04:31.0,DLA,FRS&C,120491345,892
1993,04:31.0,Navy,Fuel,6847931,NULL
2011,04:31.0,Army,PAMS,30568401053,86585
2010,04:31.0,Other DoD,PAMS,4562624804,15045
2000,04:31.0,Air Force,Fuel,35114316,254
2002,04:31.0,Army,Fuel,21726146,274
2000,04:31.0,Navy,NULL,25841,7
1992,04:31.0,Air Force,FRS&C,3896763839,NULL
2005,04:31.0,Army,MED,1113794611,8860
2002,04:31.0,DLA,Products,8350662269,70824
2007,04:31.0,Army,ICT,2748290807,14561
2009,04:31.0,Army,NULL,1180254.54,24
1988,04:31.0,Army,ICT,34000,NULL
2000,04:31.0,DLA,Fuel,3494928357,626
2013,04:31.0,MDA,FRS&C,25798217.94,47
2000,04:31.0,Air Force,Products,17104843453,19145
2012,04:31.0,Navy,Products,50536288554,121853
1990,04:31.0,Other DoD,ICT,293161000,NULL
2009,04:31.0,DLA,R&D,47647269,111
2004,04:31.0,Other DoD,NULL,1969306.04,237
1992,04:31.0,Air Force,PAMS,3896398578,NULL
1992,04:31.0,Air Force,R&D,8429728250,NULL
2008,04:31.0,MDA,PAMS,356139987.2,576
2009,04:31.0,Air Force,R&D,13519841478,16677
1996,04:31.0,Army,FRS&C,8380347524,23884
